{
  "meta": {
    "tool": "solve_aruco_handeye.py",
    "samples_file": "/home/rog/ros2_ws/aruco_handeye_samples.json",
    "samples_count": 30,
    "status": 2,
    "message": "`ftol` termination condition is satisfied.",
    "cost": 0.0020219274284712634,
    "success": true
  },
  "base_to_camera": {
    "parent_frame": "base_link",
    "child_frame": "cam_overhead",
    "translation_xyz_m": [
      0.20750073652729603,
      -0.0003850561899172165,
      0.3689621900330305
    ],
    "quaternion_xyzw": [
      0.6158775975296626,
      0.707351239222532,
      -0.3148492734546523,
      -0.14566723803421566
    ],
    "rpy_xyz_deg": [
      -140.54836870611945,
      10.47120937474329,
      101.67272147852127
    ],
    "matrix_4x4": [
      [
        -0.1989516812491481,
        0.7795571155215679,
        -0.5938930309136741,
        0.20750073652729603
      ],
      [
        0.9630100117664426,
        0.04312943973233695,
        -0.2659916702943358,
        -0.0003850561899172165
      ],
      [
        -0.18174142556317005,
        -0.6248444246915128,
        -0.7593019815371216,
        0.3689621900330305
      ],
      [
        0.0,
        0.0,
        0.0,
        1.0
      ]
    ]
  },
  "gripper_to_marker": {
    "matrix_4x4": [
      [
        -0.1480024449209414,
        -0.002216192917561066,
        0.9889845119041935,
        -0.004514128139009854
      ],
      [
        -0.02601337805982646,
        0.9996602284679224,
        -0.001652810145693519,
        0.07295147203567875
      ],
      [
        -0.9886448201752439,
        -0.025971447946029506,
        -0.1480098085676973,
        0.015864223179711867
      ],
      [
        0.0,
        0.0,
        0.0,
        1.0
      ]
    ]
  },
  "fit_error": {
    "translation_rmse_m": 0.006491022439410358,
    "translation_mean_m": 0.005617410185760282,
    "translation_max_m": 0.014839781321391451,
    "rotation_mean_deg": 4.865415124621175,
    "rotation_max_deg": 18.135648962722303,
    "z_repeatability_std_m_xyz": [
      0.011179492107762463,
      0.01804101547732384,
      0.007578758294083591
    ]
  }
}