{
  "meta": {
    "tool": "solve_aruco_handeye.py",
    "samples_file": "aruco_handeye_samples_v2.json",
    "samples_count": 40,
    "status": 2,
    "message": "`ftol` termination condition is satisfied.",
    "cost": 0.0036203885517260247,
    "success": true
  },
  "base_to_camera": {
    "parent_frame": "base_link",
    "child_frame": "cam_overhead",
    "translation_xyz_m": [
      0.3247471028959221,
      0.018532504759808176,
      0.4205114151512814
    ],
    "quaternion_xyzw": [
      0.6756383632587866,
      0.7359855951362556,
      -0.041752204541392744,
      -0.009734436853431401
    ],
    "rpy_xyz_deg": [
      -175.71727088466213,
      2.412290349833445,
      94.9860449793269
    ],
    "matrix_4x4": [
      [
        -0.08683608566426906,
        0.9937073373626077,
        -0.07074759287936336,
        0.3247471028959221
      ],
      [
        0.9953330741570068,
        0.08353911101784336,
        -0.04830412424949841,
        0.018532504759808176
      ],
      [
        -0.042089971675807324,
        -0.07461196018109202,
        -0.9963239883101606,
        0.4205114151512814
      ],
      [
        0.0,
        0.0,
        0.0,
        1.0
      ]
    ]
  },
  "gripper_to_marker": {
    "matrix_4x4": [
      [
        -0.08004739397212407,
        0.23153886239764343,
        0.9695267762768991,
        -0.00043077504519201977
      ],
      [
        -0.013419973556870829,
        0.9723094618484671,
        -0.23331141144332618,
        -0.03963247409412464
      ],
      [
        -0.9967007168794473,
        -0.0316869941703105,
        -0.074723593144644,
        0.013080398574517958
      ],
      [
        0.0,
        0.0,
        0.0,
        1.0
      ]
    ]
  },
  "fit_error": {
    "translation_rmse_m": 0.010188766433976076,
    "translation_mean_m": 0.00640267135408068,
    "translation_max_m": 0.04548572856033739,
    "rotation_mean_deg": 4.597990699331341,
    "rotation_max_deg": 48.31401982555051,
    "z_repeatability_std_m_xyz": [
      0.03678280436052625,
      0.028112488208745623,
      0.029957973338509768
    ]
  }
}
