{
  "meta": {
    "tool": "solve_aruco_handeye.py",
    "samples_file": "aruco_handeye_samples.json",
    "samples_count": 35,
    "status": 2,
    "message": "`ftol` termination condition is satisfied.",
    "cost": 0.001234849759425732,
    "success": true
  },
  "base_to_camera": {
    "parent_frame": "base_link",
    "child_frame": "cam_overhead",
    "translation_xyz_m": [
      0.5195436856401291,
      -0.013324377499807838,
      0.4411014765973779
    ],
    "quaternion_xyzw": [
      0.6862565450559485,
      0.7090372707946803,
      -0.1349275462787146,
      -0.09007030724444931
    ],
    "rpy_xyz_deg": [
      -161.61012865252508,
      3.294225734129729,
      92.4041431854235
    ],
    "matrix_4x4": [
      [
        -0.041878588241526765,
        0.9488570044447854,
        -0.31291623314069983,
        0.5195436856401291
      ],
      [
        0.9974688666410393,
        0.021693023246156434,
        -0.06771464261355827,
        -0.013324377499807838
      ],
      [
        -0.05746341382772921,
        -0.3149599940603725,
        -0.9473637940161914,
        0.4411014765973779
      ],
      [
        0.0,
        0.0,
        0.0,
        1.0
      ]
    ]
  },
  "gripper_to_marker": {
    "matrix_4x4": [
      [
        -0.14089097097654946,
        0.23174195918241364,
        0.962520336747012,
        -0.0010522297938464502
      ],
      [
        -0.030366982944170173,
        0.9707490716497803,
        -0.23816818897148712,
        -0.04412209900700199
      ],
      [
        -0.9895592860683756,
        -0.06278458604933261,
        -0.12973247515738062,
        0.01214104164475874
      ],
      [
        0.0,
        0.0,
        0.0,
        1.0
      ]
    ]
  },
  "fit_error": {
    "translation_rmse_m": 0.006396910129543005,
    "translation_mean_m": 0.004855539200731524,
    "translation_max_m": 0.025760426339744052,
    "rotation_mean_deg": 2.660807895417158,
    "rotation_max_deg": 12.391333610777455,
    "z_repeatability_std_m_xyz": [
      0.01307077929661302,
      0.011435776064322148,
      0.00849541100157104
    ]
  }
}
